{"cameraMode":{"drawMode":0,"name":"Shaded","section":"Shading Mode"},"sceneLighting":true,"audioPlay":false,"sceneViewState":{"showFog":false,"showMaterialUpdate":false,"showSkybox":false,"showFlares":false,"showImageEffects":false,"showParticleSystems":false},"in2DMode":false,"pivot":{"x":1.499061107635498,"y":-0.9014770984649658,"z":2.2217841148376467},"rotation":{"x":0.006566889118403196,"y":0.9414029717445374,"z":-0.33672094345092776,"w":0.018359694629907609},"size":17.682035446166993,"orthographic":false}