{"cameraMode":{"drawMode":0,"name":"Shaded","section":"Shading Mode"},"sceneLighting":true,"audioPlay":false,"sceneViewState":{"showFog":false,"showMaterialUpdate":false,"showSkybox":false,"showFlares":false,"showImageEffects":false,"showParticleSystems":false},"in2DMode":false,"pivot":{"x":-0.8858810663223267,"y":-14.09671401977539,"z":-4.606376647949219},"rotation":{"x":0.2352297604084015,"y":0.7647227644920349,"z":-0.42926180362701418,"w":0.41905760765075686},"size":45.389442443847659,"orthographic":false}