{"cameraMode":{"drawMode":0,"name":"Shaded","section":"Shading Mode"},"sceneLighting":true,"audioPlay":false,"sceneViewState":{"showFog":false,"showMaterialUpdate":false,"showSkybox":false,"showFlares":false,"showImageEffects":false,"showParticleSystems":false},"in2DMode":false,"pivot":{"x":-2.620455741882324,"y":-3.0990686416625978,"z":-14.137588500976563},"rotation":{"x":0.00006572698475793004,"y":0.97479647397995,"z":-0.2231070101261139,"w":0.00028855123673565686},"size":31.416261672973634,"orthographic":false}