{"cameraMode":{"drawMode":0,"name":"Shaded","section":"Shading Mode"},"sceneLighting":true,"audioPlay":false,"sceneViewState":{"showFog":false,"showMaterialUpdate":false,"showSkybox":false,"showFlares":false,"showImageEffects":false,"showParticleSystems":false},"in2DMode":false,"pivot":{"x":6.357415199279785,"y":-7.481637001037598,"z":7.129488945007324},"rotation":{"x":-0.0776405856013298,"y":0.8509935736656189,"z":-0.50250643491745,"w":-0.1314888894557953},"size":18.869829177856447,"orthographic":false}